<?xml version="1.0" encoding="utf-8" ?>
<dwsync>
<file name="0001updater.php" server="vocabinreading.com//public_html/" local="131376425035102882" remote="131376040200000000" Dst="2" />
<file name="define.php" server="vocabinreading.com//public_html/" local="131378721271595137" remote="131378605800000000" Dst="2" />
<file name="awl.php" server="vocabinreading.com//public_html/" local="131376425040602967" remote="131376061800000000" Dst="2" />
<file name="hi.php" server="vocabinreading.com//public_html/" local="131376425040727968" remote="131376040200000000" Dst="2" />
<file name="index.php" server="vocabinreading.com//public_html/" local="131378721287456044" remote="131378601000000000" Dst="2" />
<file name="header.php" server="vocabinreading.com//public_html/" local="131378721285035906" remote="131378604000000000" Dst="2" />
<file name="lo.php" server="vocabinreading.com//public_html/" local="131376425045128036" remote="131376040200000000" Dst="2" />
<file name="med.php" server="vocabinreading.com//public_html/" local="131376425046853062" remote="131376040200000000" Dst="2" />
<file name="flot.html" server="vocabinreading.com//public_html/" local="131357907020000000" remote="131376325800000000" Dst="2" />
<file name="morris.html" server="vocabinreading.com//public_html/" local="131357907020000000" remote="131376325800000000" Dst="2" />
<file name="categorizer.php" server="vocabinreading.com//public_html/" local="131378721267364895" remote="131378602800000000" Dst="2" />
<file name="categorize.php" server="vocabinreading.com//public_html/" local="131378721264104708" remote="131378602800000000" Dst="2" />
</dwsync>